INSERT INTO categoria (id, nome, descricao) VALUES
(0, 'Normal', 'Descrição da categoria normal'),
(1, 'Sub Legendary', 'Descrição da categoria sub-lendario'),
(2, 'Legendary', 'Descrição da categoria lendario'),
(3, 'Mythical', 'Descrição da categoria mítico');

INSERT INTO pokedex.especie (id, nome, descricao) VALUES
(1, 'Genetic Pokémon', 'Descrição da espécie Genetic Pokémon'),
(2, 'Diving Pokémon', 'Descrição da espécie Diving Pokémon'),
(3, 'Rainbow Pokémon', 'Descrição da espécie Rainbow Pokémon'),
(4, 'New Species Pokémon', 'Descrição da espécie New Species Pokémon'),
(5, 'Time Travel Pokémon', 'Descrição da espécie Time Travel Pokémon'),
(6, 'Wish Pokémon', 'Descrição da espécie Wish Pokémon'),
(7, 'DNA Pokémon', 'Descrição da espécie DNA Pokémon'),
(8, 'Seed Pokémon', 'Descrição da espécie Seed Pokémon'),
(9, 'Lizard Pokémon', 'Descrição da espécie Lizard Pokémon'),
(10, 'Tiny Turtle Pokémon', 'Descrição da espécie Tiny Turtle Pokémon'),
(11, 'Turtle Pokémon', 'Descrição da espécie Turtle Pokémon'),
(12, 'Shellfish Pokémon', 'Descrição da espécie Shellfish Pokémon'),
(13, 'Worm Pokémon', 'Descrição da espécie Worm Pokémon'),
(14, 'Butterfly Pokémon', 'Descrição da espécie Butterfly Pokémon'),
(15, 'Hairy Bug Pokémon', 'Descrição da espécie Hairy Bug Pokémon'),
(16, 'Cocoon Pokémon', 'Descrição da espécie Cocoon Pokémon'),
(17, 'Poison Bee Pokémon', 'Descrição da espécie Poison Bee Pokémon'),
(18, 'Tiny Bird Pokémon', 'Descrição da espécie Tiny Bird Pokémon'),
(19, 'Bird Pokémon', 'Descrição da espécie Bird Pokémon'),
(20, 'Mouse Pokémon', 'Descrição da espécie Mouse Pokémon'),
(21, 'Beak Pokémon', 'Descrição da espécie Beak Pokémon'),
(22, 'Freeze Pokémon', 'Descrição da espécie Freeze Pokémon'),
(23, 'Electric Pokémon', 'Descrição da espécie Electric Pokémon'),
(24, 'Flame Pokémon', 'Descrição da espécie Flame Pokémon'),
(25, 'Thunder Pokémon', 'Descrição da espécie Thunder Pokémon'),
(26, 'Volcano Pokémon', 'Descrição da espécie Volcano Pokémon'),
(27, 'Aurora Pokémon', 'Descrição da espécie Aurora Pokémon'),
(28, 'Rock Peak Pokémon', 'Descrição da espécie Rock Peak Pokémon'),
(29, 'Iceberg Pokémon', 'Descrição da espécie Iceberg Pokémon'),
(30, 'Iron Pokémon', 'Descrição da espécie Iron Pokémon'),
(31, 'Eon Pokémon', 'Descrição da espécie Eon Pokémon');

INSERT INTO tipo (id, nome, descricao) VALUES
(1, 'Normal', 'Descrição do tipo normal'),
(2, 'Fighting', 'Descrição do tipo Fighting'),
(3, 'Flying', 'Descrição do tipo Flying'),
(4, 'Poison', 'Descrição do tipo Poison'),
(5, 'Ground', 'Descrição do tipo Ground'),
(6, 'Rock', 'Descrição do tipo Rock'),
(7, 'Bug', 'Descrição do tipo Bug'),
(8, 'Ghost', 'Descrição do tipo Ghost'),
(9, 'Steel', 'Descrição do tipo Steel'),
(10, 'Fire', 'Descrição do tipo Fire'),
(11, 'Water', 'Descrição do tipo Water'),
(12, 'Grass', 'Descrição do tipo Grass'),
(13, 'Electric', 'Descrição do tipo Electric'),
(14, 'Psychic', 'Descrição do tipo Psychic'),
(15, 'Ice', 'Descrição do tipo Ice'),
(16, 'Dragon', 'Descrição do tipo Dragon'),
(17, 'Fairy', 'Descrição do tipo Fairy'),
(18, 'Dark', 'Descrição do tipo Dark');

INSERT INTO pokemon (nome, altura, peso, valor_ataque, valor_defesa, velocidade_media, id_categoria, id_especie, tipo_primario, tipo_secundario) VALUES
('Mewtwo',2,122,110,90,130,2,1,14,NULL),
('Mega Mewtwo X',2.3,127,190,100,130,2,1,14,2),
('Mega Mewtwo Y',1.5,33,150,70,140,2,1,14,NULL),
('Lugia',5.2,216,90,130,110,2,2,14,3),
('Ho-oh',3.8,199,130,90,90,2,3,10,3),
('Mew',0.4,4,100,100,100,3,4,14,NULL),
('Celebi',0.6,5,100,100,100,3,5,14,12),
('Jirachi',0.3,1.1,100,100,100,3,6,9,14),
('Deoxys Normal Forme',1.7,60.8,150,50,150,3,7,14,NULL),
('Deoxys Attack Forme',1.7,60.8,180,20,150,3,7,14,NULL),
('Bulbasaur',0.7,6.9,49,49,45,0,8,12,4),
('Ivysaur',1,13,62,63,60,0,8,12,4),
('Venusaur',2,100,82,83,80,0,8,12,4),
('Mega Venusaur',2.4,155.5,100,123,80,0,8,12,4),
('Charmander',0.6,8.5,52,43,65,0,9,10,NULL),
('Charmeleon',1.1,19,64,58,80,0,24,10,NULL),
('Charizard',1.7,90.5,84,78,100,0,24,10,3),
('Mega Charizard X',1.7,110.5,130,111,100,0,24,10,16),
('Mega Charizard Y',1.7,100.5,104,78,100,0,24,10,3),
('Squirtle',0.5,9,48,65,43,0,10,11,NULL),
('Wartortle',1,22.5,63,80,58,0,11,11,NULL),
('Blastoise',1.6,85.5,83,100,78,0,12,11,NULL),
('Mega Blastoise',1.6,101.1,103,120,78,0,12,11,NULL),
('Caterpie',0.3,2.9,30,35,45,0,13,7,NULL),
('Metapod',0.7,9.9,20,55,30,0,16,7,NULL),
('Butterfree',1.1,32,45,50,70,0,14,7,3),
('Weedle',0.3,3.2,35,30,50,0,15,7,4),
('Kakuna',0.6,10,25,50,35,0,16,7,4),
('Beedrill',1,29.5,90,40,75,0,17,7,4),
('Mega Beedrill',1.4,40.5,150,40,145,0,17,7,4),
('Pidgey',0.3,1.8,45,40,56,0,18,1,3),
('Pidgeotto',1.1,30,60,55,71,0, 19,1,3),
('Pidgeot',1.5,39.5,80,75,101, 0, 19,1,3),
('Mega Pidgeot',2.2,50.5,80,80,121,0, 19,1,3),
('Rattata',0.3,3.5,56,35,72,0, 20,1,NULL),
('Alolan Rattata',0.3,3.8,56,35,72,0, 20,18,1),
('Raticate',0.7,18.5,81,60,97,0,20,1,NULL),
('Alolan Raticate',0.7,25.5,71,70,77,0, 20,18,1),
('Spearow',0.3,2,60,30,70,0, 18,1,3),
('Fearow',1.2,38,90,65,100,0, 21,1,3),
('Articuno',1.7,55.4,85,100,85,1, 22,15,3),
('Zapdos',1.6,52.6,90,85,100,1, 23,13,3),
('Moltres',2,60,100,90,90,1, 24,10,3),
('Raikou',1.9,178,85,75,115,1, 25,13,NULL),
('Entei',2.1,198,115,85,100,1, 26, 10, NULL),
('Suicune',2,187,75,115,85,1, 27, 11, NULL),
('Regirock',1.7,230,100,200,50,1, 28,6,NULL),
('Regice',1.8,175,50,100,50,1, 29,15,NULL),
('Registeel',1.9,205,75,150,50,1, 30,9,NULL),
('Latias',1.4,40,80,90,110,1, 31,16,14);

INSERT INTO habilidade  (id, nome, descricao) VALUES
(1, 'Adaptability', 'Descrição da habilidade Adaptability'),
(2, 'Blaze', 'Descrição da habilidade Blaze'),
(3, 'Clear Body', 'Descrição da habilidade Clear Body'),
(4, 'Compound Eyes', 'Descrição da habilidade Compound Eyes'),
(5, 'Drought', 'Descrição da habilidade Drought'),
(6, 'Gluttony', 'Descrição da habilidade Gluttony'),
(7, 'Insomnia', 'Descrição da habilidade Insomnia'),
(8, 'Keen Eye', 'Descrição da habilidade Keen Eye'),
(9, 'Levitate', 'Descrição da habilidade Levitate'),
(10, 'Mega Launcher', 'Descrição da habilidade Mega Launcher'),
(11, 'Natural Cure', 'Descrição da habilidade Natural Cure'),
(12, 'No Guard', 'Descrição da habilidade No Guard'),
(13, 'Overgrow', 'Descrição da habilidade Overgrow'),
(14, 'Pressure', 'Descrição da habilidade Pressure'),
(15, 'Run Away', 'Descrição da habilidade Run Away'),
(16, 'Serene Grace', 'Descrição da habilidade Serene Grace'),
(17, 'Shed Skin', 'Descrição da habilidade Shed Skin'),
(18, 'Shield Dust', 'Descrição da habilidade Shield Dust'),
(19, 'Steadfast', 'Descrição da habilidade Steadfast'),
(20, 'Swarm', 'Descrição da habilidade Swarm'),
(21, 'Synchronize', 'Descrição da habilidade Synchronize'),
(22, 'Torrent', 'Descrição da habilidade Torrent'),
(23, 'Tough Claws', 'Descrição da habilidade Tough Claws'),
(24, 'Guts', 'Descrição da habilidade Guts'),
(25, 'Tangled Feet', 'Descrição da habilidade Tangled Feet'),
(26, 'Big Pecks', 'Descrição da habilidade Big Pecks'),
(27, 'Chlorophyll', 'Descrição da habilidade Chlorophyll'),
(28, 'Flame Body', 'Descrição da habilidade Flame Body'),
(29, 'Hustle', 'Descrição da habilidade Hustle'),
(30, 'Ice Body', 'Descrição da habilidade Ice Body'),
(31, 'Inner Focus', 'Descrição da habilidade Inner Focus'),
(32, 'Light Metal', 'Descrição da habilidade Light Metal'),
(33, 'Multiscale', 'Descrição da habilidade Multiscale'),
(34, 'Rain Dish', 'Descrição da habilidade Rain Dish'),
(35, 'Regenerator', 'Descrição da habilidade Regenerator'),
(36, 'Sniper', 'Descrição da habilidade Sniper'),
(37, 'Snow Cloak', 'Descrição da habilidade Snow Cloak'),
(38, 'Solar Power', 'Descrição da habilidade Solar Power'),
(39, 'Static', 'Descrição da habilidade Static'),
(40, 'Sturdy', 'Descrição da habilidade Sturdy'),
(41, 'Thick Fat', 'Descrição da habilidade Thick Fat'),
(42, 'Tinted Lens', 'Descrição da habilidade Tinted Lens'),
(43, 'Unnerve', 'Descrição da habilidade Unnerve');

INSERT INTO pokemon_habilidade (pokemon_id, habilidade_id, oculta) VALUES
(1,14,0),
(1,43,1),
(2,19,0),
(3,7,0),
(4,14,0),
(4,33,1),
(5,33,0),
(5,35,1),
(6,21,0),
(7,11,0),
(8,16,0),
(9,14,0),
(10,14,0),
(11,13,0),
(11,27,1),
(12,27,1),
(12,13,0),
(13,13,0),
(13,27,1),
(14,41,0),
(15,2,0),
(15,38,1),
(16,2,0),
(16,38,1),
(17,38,1),
(17,2,0),
(18,23,0),
(19,5,0),
(20,22,0),
(20,34,1),
(21,22,0),
(21,34,1),
(22,22,0),
(22,34,1),
(23,10,0),
(24,18,0),
(24,15,1),
(25,17,0),
(26,4,0),
(26,42,1),
(27,18,0),
(27,15,1),
(28,17,0),
(29,20,0),
(29,36,1),
(30,1,0),
(31,8,0),
(31,25,0),
(31,26,1),
(32,8,0),
(32,25,0),
(32,26,1),
(33,8,0),
(33,25,0),
(33,26,1),
(34,12,0),
(35,15,0),
(35,24,0),
(35,29,1),
(36,6,0),
(36,29,0),
(36,41,1),
(37,15,0),
(37,24,0),
(37,29,1),
(38,6,0),
(38,29,0),
(38,41,1),
(39,8,0),
(39,36,1),
(40,8,0),
(40,36,1),
(41,14,0),
(41,37,1),
(42,14,0),
(42,39,1),
(43,14,0),
(43,28,1),
(44,14,0),
(44,31,1),
(45,14,0),
(45,31,1),
(46,14,0),
(46,31,1),
(47,3,0),
(47,40,1),
(48,3,0),
(48,30,1),
(49,3,0),
(49,32,1),
(50,9,0);

